result,table,_start,_stop,_time,_value,_field,_measurement,test_name
_result,0,2025-01-21 09:07:36.824729+00:00,2025-01-24 09:07:36.824729+00:00,2025-01-24 08:27:15.704606+00:00,0.2428,avg_energy_dram,unit_test_energy,SleepingTest
_result,0,2025-01-21 09:07:36.824729+00:00,2025-01-24 09:07:36.824729+00:00,2025-01-24 08:27:49.920240+00:00,0.2092,avg_energy_dram,unit_test_energy,SleepingTest
_result,0,2025-01-21 09:07:36.824729+00:00,2025-01-24 09:07:36.824729+00:00,2025-01-24 08:28:24.813300+00:00,0.2244,avg_energy_dram,unit_test_energy,SleepingTest
_result,0,2025-01-21 09:07:36.824729+00:00,2025-01-24 09:07:36.824729+00:00,2025-01-24 08:28:58.930644+00:00,0.2459,avg_energy_dram,unit_test_energy,SleepingTest
_result,0,2025-01-21 09:07:36.824729+00:00,2025-01-24 09:07:36.824729+00:00,2025-01-24 08:29:34.184991+00:00,0.2038,avg_energy_dram,unit_test_energy,SleepingTest
_result,0,2025-01-21 09:07:36.824729+00:00,2025-01-24 09:07:36.824729+00:00,2025-01-24 08:30:08.825717+00:00,0.2084,avg_energy_dram,unit_test_energy,SleepingTest
_result,0,2025-01-21 09:07:36.824729+00:00,2025-01-24 09:07:36.824729+00:00,2025-01-24 08:30:43.676097+00:00,0.231,avg_energy_dram,unit_test_energy,SleepingTest
_result,0,2025-01-21 09:07:36.824729+00:00,2025-01-24 09:07:36.824729+00:00,2025-01-24 08:31:17.736754+00:00,0.2071,avg_energy_dram,unit_test_energy,SleepingTest
_result,0,2025-01-21 09:07:36.824729+00:00,2025-01-24 09:07:36.824729+00:00,2025-01-24 08:31:52.068317+00:00,0.2124,avg_energy_dram,unit_test_energy,SleepingTest
_result,0,2025-01-21 09:07:36.824729+00:00,2025-01-24 09:07:36.824729+00:00,2025-01-24 08:32:26.599463+00:00,0.2358,avg_energy_dram,unit_test_energy,SleepingTest
_result,0,2025-01-21 09:07:36.824729+00:00,2025-01-24 09:07:36.824729+00:00,2025-01-24 08:33:00.724567+00:00,0.2136,avg_energy_dram,unit_test_energy,SleepingTest
_result,0,2025-01-21 09:07:36.824729+00:00,2025-01-24 09:07:36.824729+00:00,2025-01-24 08:33:35.569957+00:00,0.2044,avg_energy_dram,unit_test_energy,SleepingTest
_result,0,2025-01-21 09:07:36.824729+00:00,2025-01-24 09:07:36.824729+00:00,2025-01-24 08:34:09.909755+00:00,0.2207,avg_energy_dram,unit_test_energy,SleepingTest
_result,0,2025-01-21 09:07:36.824729+00:00,2025-01-24 09:07:36.824729+00:00,2025-01-24 08:34:44.395019+00:00,0.2292,avg_energy_dram,unit_test_energy,SleepingTest
_result,0,2025-01-21 09:07:36.824729+00:00,2025-01-24 09:07:36.824729+00:00,2025-01-24 08:35:18.762089+00:00,0.2088,avg_energy_dram,unit_test_energy,SleepingTest
_result,1,2025-01-21 09:07:36.824729+00:00,2025-01-24 09:07:36.824729+00:00,2025-01-24 08:27:15.704606+00:00,4.668,avg_energy_pkg,unit_test_energy,SleepingTest
_result,1,2025-01-21 09:07:36.824729+00:00,2025-01-24 09:07:36.824729+00:00,2025-01-24 08:27:49.920240+00:00,1.5467,avg_energy_pkg,unit_test_energy,SleepingTest
_result,1,2025-01-21 09:07:36.824729+00:00,2025-01-24 09:07:36.824729+00:00,2025-01-24 08:28:24.813300+00:00,1.4109,avg_energy_pkg,unit_test_energy,SleepingTest
_result,1,2025-01-21 09:07:36.824729+00:00,2025-01-24 09:07:36.824729+00:00,2025-01-24 08:28:58.930644+00:00,1.9826,avg_energy_pkg,unit_test_energy,SleepingTest
_result,1,2025-01-21 09:07:36.824729+00:00,2025-01-24 09:07:36.824729+00:00,2025-01-24 08:29:34.184991+00:00,1.1614,avg_energy_pkg,unit_test_energy,SleepingTest
_result,1,2025-01-21 09:07:36.824729+00:00,2025-01-24 09:07:36.824729+00:00,2025-01-24 08:30:08.825717+00:00,1.517,avg_energy_pkg,unit_test_energy,SleepingTest
_result,1,2025-01-21 09:07:36.824729+00:00,2025-01-24 09:07:36.824729+00:00,2025-01-24 08:30:43.676097+00:00,2.0092,avg_energy_pkg,unit_test_energy,SleepingTest
_result,1,2025-01-21 09:07:36.824729+00:00,2025-01-24 09:07:36.824729+00:00,2025-01-24 08:31:17.736754+00:00,1.5006,avg_energy_pkg,unit_test_energy,SleepingTest
_result,1,2025-01-21 09:07:36.824729+00:00,2025-01-24 09:07:36.824729+00:00,2025-01-24 08:31:52.068317+00:00,1.5705,avg_energy_pkg,unit_test_energy,SleepingTest
_result,1,2025-01-21 09:07:36.824729+00:00,2025-01-24 09:07:36.824729+00:00,2025-01-24 08:32:26.599463+00:00,1.9989,avg_energy_pkg,unit_test_energy,SleepingTest
_result,1,2025-01-21 09:07:36.824729+00:00,2025-01-24 09:07:36.824729+00:00,2025-01-24 08:33:00.724567+00:00,1.604,avg_energy_pkg,unit_test_energy,SleepingTest
_result,1,2025-01-21 09:07:36.824729+00:00,2025-01-24 09:07:36.824729+00:00,2025-01-24 08:33:35.569957+00:00,1.5525,avg_energy_pkg,unit_test_energy,SleepingTest
_result,1,2025-01-21 09:07:36.824729+00:00,2025-01-24 09:07:36.824729+00:00,2025-01-24 08:34:09.909755+00:00,2.0786,avg_energy_pkg,unit_test_energy,SleepingTest
_result,1,2025-01-21 09:07:36.824729+00:00,2025-01-24 09:07:36.824729+00:00,2025-01-24 08:34:44.395019+00:00,1.5619,avg_energy_pkg,unit_test_energy,SleepingTest
_result,1,2025-01-21 09:07:36.824729+00:00,2025-01-24 09:07:36.824729+00:00,2025-01-24 08:35:18.762089+00:00,1.3927,avg_energy_pkg,unit_test_energy,SleepingTest
_result,2,2025-01-21 09:07:36.824729+00:00,2025-01-24 09:07:36.824729+00:00,2025-01-24 08:27:15.704606+00:00,5.0068,duration,unit_test_energy,SleepingTest
_result,2,2025-01-21 09:07:36.824729+00:00,2025-01-24 09:07:36.824729+00:00,2025-01-24 08:27:49.920240+00:00,5.0065,duration,unit_test_energy,SleepingTest
_result,2,2025-01-21 09:07:36.824729+00:00,2025-01-24 09:07:36.824729+00:00,2025-01-24 08:28:24.813300+00:00,5.0061,duration,unit_test_energy,SleepingTest
_result,2,2025-01-21 09:07:36.824729+00:00,2025-01-24 09:07:36.824729+00:00,2025-01-24 08:28:58.930644+00:00,5.0059,duration,unit_test_energy,SleepingTest
_result,2,2025-01-21 09:07:36.824729+00:00,2025-01-24 09:07:36.824729+00:00,2025-01-24 08:29:34.184991+00:00,5.0054,duration,unit_test_energy,SleepingTest
_result,2,2025-01-21 09:07:36.824729+00:00,2025-01-24 09:07:36.824729+00:00,2025-01-24 08:30:08.825717+00:00,5.006,duration,unit_test_energy,SleepingTest
_result,2,2025-01-21 09:07:36.824729+00:00,2025-01-24 09:07:36.824729+00:00,2025-01-24 08:30:43.676097+00:00,5.0072,duration,unit_test_energy,SleepingTest
_result,2,2025-01-21 09:07:36.824729+00:00,2025-01-24 09:07:36.824729+00:00,2025-01-24 08:31:17.736754+00:00,5.0065,duration,unit_test_energy,SleepingTest
_result,2,2025-01-21 09:07:36.824729+00:00,2025-01-24 09:07:36.824729+00:00,2025-01-24 08:31:52.068317+00:00,5.0064,duration,unit_test_energy,SleepingTest
_result,2,2025-01-21 09:07:36.824729+00:00,2025-01-24 09:07:36.824729+00:00,2025-01-24 08:32:26.599463+00:00,5.0062,duration,unit_test_energy,SleepingTest
_result,2,2025-01-21 09:07:36.824729+00:00,2025-01-24 09:07:36.824729+00:00,2025-01-24 08:33:00.724567+00:00,5.0062,duration,unit_test_energy,SleepingTest
_result,2,2025-01-21 09:07:36.824729+00:00,2025-01-24 09:07:36.824729+00:00,2025-01-24 08:33:35.569957+00:00,5.0065,duration,unit_test_energy,SleepingTest
_result,2,2025-01-21 09:07:36.824729+00:00,2025-01-24 09:07:36.824729+00:00,2025-01-24 08:34:09.909755+00:00,5.0067,duration,unit_test_energy,SleepingTest
_result,2,2025-01-21 09:07:36.824729+00:00,2025-01-24 09:07:36.824729+00:00,2025-01-24 08:34:44.395019+00:00,5.0063,duration,unit_test_energy,SleepingTest
_result,2,2025-01-21 09:07:36.824729+00:00,2025-01-24 09:07:36.824729+00:00,2025-01-24 08:35:18.762089+00:00,5.0062,duration,unit_test_energy,SleepingTest
_result,3,2025-01-21 09:07:36.824729+00:00,2025-01-24 09:07:36.824729+00:00,2025-01-24 08:27:15.704606+00:00,0.2222,median_energy_dram,unit_test_energy,SleepingTest
_result,3,2025-01-21 09:07:36.824729+00:00,2025-01-24 09:07:36.824729+00:00,2025-01-24 08:27:49.920240+00:00,0.2051,median_energy_dram,unit_test_energy,SleepingTest
_result,3,2025-01-21 09:07:36.824729+00:00,2025-01-24 09:07:36.824729+00:00,2025-01-24 08:28:24.813300+00:00,0.2112,median_energy_dram,unit_test_energy,SleepingTest
_result,3,2025-01-21 09:07:36.824729+00:00,2025-01-24 09:07:36.824729+00:00,2025-01-24 08:28:58.930644+00:00,0.2466,median_energy_dram,unit_test_energy,SleepingTest
_result,3,2025-01-21 09:07:36.824729+00:00,2025-01-24 09:07:36.824729+00:00,2025-01-24 08:29:34.184991+00:00,0.2002,median_energy_dram,unit_test_energy,SleepingTest
_result,3,2025-01-21 09:07:36.824729+00:00,2025-01-24 09:07:36.824729+00:00,2025-01-24 08:30:08.825717+00:00,0.2039,median_energy_dram,unit_test_energy,SleepingTest
_result,3,2025-01-21 09:07:36.824729+00:00,2025-01-24 09:07:36.824729+00:00,2025-01-24 08:30:43.676097+00:00,0.238,median_energy_dram,unit_test_energy,SleepingTest
_result,3,2025-01-21 09:07:36.824729+00:00,2025-01-24 09:07:36.824729+00:00,2025-01-24 08:31:17.736754+00:00,0.2026,median_energy_dram,unit_test_energy,SleepingTest
_result,3,2025-01-21 09:07:36.824729+00:00,2025-01-24 09:07:36.824729+00:00,2025-01-24 08:31:52.068317+00:00,0.2039,median_energy_dram,unit_test_energy,SleepingTest
_result,3,2025-01-21 09:07:36.824729+00:00,2025-01-24 09:07:36.824729+00:00,2025-01-24 08:32:26.599463+00:00,0.2405,median_energy_dram,unit_test_energy,SleepingTest
_result,3,2025-01-21 09:07:36.824729+00:00,2025-01-24 09:07:36.824729+00:00,2025-01-24 08:33:00.724567+00:00,0.2026,median_energy_dram,unit_test_energy,SleepingTest
_result,3,2025-01-21 09:07:36.824729+00:00,2025-01-24 09:07:36.824729+00:00,2025-01-24 08:33:35.569957+00:00,0.2014,median_energy_dram,unit_test_energy,SleepingTest
_result,3,2025-01-21 09:07:36.824729+00:00,2025-01-24 09:07:36.824729+00:00,2025-01-24 08:34:09.909755+00:00,0.2124,median_energy_dram,unit_test_energy,SleepingTest
_result,3,2025-01-21 09:07:36.824729+00:00,2025-01-24 09:07:36.824729+00:00,2025-01-24 08:34:44.395019+00:00,0.21,median_energy_dram,unit_test_energy,SleepingTest
_result,3,2025-01-21 09:07:36.824729+00:00,2025-01-24 09:07:36.824729+00:00,2025-01-24 08:35:18.762089+00:00,0.2014,median_energy_dram,unit_test_energy,SleepingTest
_result,4,2025-01-21 09:07:36.824729+00:00,2025-01-24 09:07:36.824729+00:00,2025-01-24 08:27:15.704606+00:00,1.7957,median_energy_pkg,unit_test_energy,SleepingTest
_result,4,2025-01-21 09:07:36.824729+00:00,2025-01-24 09:07:36.824729+00:00,2025-01-24 08:27:49.920240+00:00,0.5896,median_energy_pkg,unit_test_energy,SleepingTest
_result,4,2025-01-21 09:07:36.824729+00:00,2025-01-24 09:07:36.824729+00:00,2025-01-24 08:28:24.813300+00:00,0.824,median_energy_pkg,unit_test_energy,SleepingTest
_result,4,2025-01-21 09:07:36.824729+00:00,2025-01-24 09:07:36.824729+00:00,2025-01-24 08:28:58.930644+00:00,1.1047,median_energy_pkg,unit_test_energy,SleepingTest
_result,4,2025-01-21 09:07:36.824729+00:00,2025-01-24 09:07:36.824729+00:00,2025-01-24 08:29:34.184991+00:00,0.5811,median_energy_pkg,unit_test_energy,SleepingTest
_result,4,2025-01-21 09:07:36.824729+00:00,2025-01-24 09:07:36.824729+00:00,2025-01-24 08:30:08.825717+00:00,0.553,median_energy_pkg,unit_test_energy,SleepingTest
_result,4,2025-01-21 09:07:36.824729+00:00,2025-01-24 09:07:36.824729+00:00,2025-01-24 08:30:43.676097+00:00,0.9399,median_energy_pkg,unit_test_energy,SleepingTest
_result,4,2025-01-21 09:07:36.824729+00:00,2025-01-24 09:07:36.824729+00:00,2025-01-24 08:31:17.736754+00:00,0.4919,median_energy_pkg,unit_test_energy,SleepingTest
_result,4,2025-01-21 09:07:36.824729+00:00,2025-01-24 09:07:36.824729+00:00,2025-01-24 08:31:52.068317+00:00,0.553,median_energy_pkg,unit_test_energy,SleepingTest
_result,4,2025-01-21 09:07:36.824729+00:00,2025-01-24 09:07:36.824729+00:00,2025-01-24 08:32:26.599463+00:00,1.0217,median_energy_pkg,unit_test_energy,SleepingTest
_result,4,2025-01-21 09:07:36.824729+00:00,2025-01-24 09:07:36.824729+00:00,2025-01-24 08:33:00.724567+00:00,0.5884,median_energy_pkg,unit_test_energy,SleepingTest
_result,4,2025-01-21 09:07:36.824729+00:00,2025-01-24 09:07:36.824729+00:00,2025-01-24 08:33:35.569957+00:00,0.5676,median_energy_pkg,unit_test_energy,SleepingTest
_result,4,2025-01-21 09:07:36.824729+00:00,2025-01-24 09:07:36.824729+00:00,2025-01-24 08:34:09.909755+00:00,0.9351,median_energy_pkg,unit_test_energy,SleepingTest
_result,4,2025-01-21 09:07:36.824729+00:00,2025-01-24 09:07:36.824729+00:00,2025-01-24 08:34:44.395019+00:00,0.78,median_energy_pkg,unit_test_energy,SleepingTest
_result,4,2025-01-21 09:07:36.824729+00:00,2025-01-24 09:07:36.824729+00:00,2025-01-24 08:35:18.762089+00:00,0.542,median_energy_pkg,unit_test_energy,SleepingTest
_result,5,2025-01-21 09:07:36.824729+00:00,2025-01-24 09:07:36.824729+00:00,2025-01-24 08:27:15.704606+00:00,1.2156,total_energy_dram,unit_test_energy,SleepingTest
_result,5,2025-01-21 09:07:36.824729+00:00,2025-01-24 09:07:36.824729+00:00,2025-01-24 08:27:49.920240+00:00,1.0474,total_energy_dram,unit_test_energy,SleepingTest
_result,5,2025-01-21 09:07:36.824729+00:00,2025-01-24 09:07:36.824729+00:00,2025-01-24 08:28:24.813300+00:00,1.1236,total_energy_dram,unit_test_energy,SleepingTest
_result,5,2025-01-21 09:07:36.824729+00:00,2025-01-24 09:07:36.824729+00:00,2025-01-24 08:28:58.930644+00:00,1.231,total_energy_dram,unit_test_energy,SleepingTest
_result,5,2025-01-21 09:07:36.824729+00:00,2025-01-24 09:07:36.824729+00:00,2025-01-24 08:29:34.184991+00:00,1.0201,total_energy_dram,unit_test_energy,SleepingTest
_result,5,2025-01-21 09:07:36.824729+00:00,2025-01-24 09:07:36.824729+00:00,2025-01-24 08:30:08.825717+00:00,1.0432,total_energy_dram,unit_test_energy,SleepingTest
_result,5,2025-01-21 09:07:36.824729+00:00,2025-01-24 09:07:36.824729+00:00,2025-01-24 08:30:43.676097+00:00,1.1566,total_energy_dram,unit_test_energy,SleepingTest
_result,5,2025-01-21 09:07:36.824729+00:00,2025-01-24 09:07:36.824729+00:00,2025-01-24 08:31:17.736754+00:00,1.0366,total_energy_dram,unit_test_energy,SleepingTest
_result,5,2025-01-21 09:07:36.824729+00:00,2025-01-24 09:07:36.824729+00:00,2025-01-24 08:31:52.068317+00:00,1.0633,total_energy_dram,unit_test_energy,SleepingTest
_result,5,2025-01-21 09:07:36.824729+00:00,2025-01-24 09:07:36.824729+00:00,2025-01-24 08:32:26.599463+00:00,1.1805,total_energy_dram,unit_test_energy,SleepingTest
_result,5,2025-01-21 09:07:36.824729+00:00,2025-01-24 09:07:36.824729+00:00,2025-01-24 08:33:00.724567+00:00,1.0695,total_energy_dram,unit_test_energy,SleepingTest
_result,5,2025-01-21 09:07:36.824729+00:00,2025-01-24 09:07:36.824729+00:00,2025-01-24 08:33:35.569957+00:00,1.0233,total_energy_dram,unit_test_energy,SleepingTest
_result,5,2025-01-21 09:07:36.824729+00:00,2025-01-24 09:07:36.824729+00:00,2025-01-24 08:34:09.909755+00:00,1.1049,total_energy_dram,unit_test_energy,SleepingTest
_result,5,2025-01-21 09:07:36.824729+00:00,2025-01-24 09:07:36.824729+00:00,2025-01-24 08:34:44.395019+00:00,1.1473,total_energy_dram,unit_test_energy,SleepingTest
_result,5,2025-01-21 09:07:36.824729+00:00,2025-01-24 09:07:36.824729+00:00,2025-01-24 08:35:18.762089+00:00,1.0455,total_energy_dram,unit_test_energy,SleepingTest
_result,6,2025-01-21 09:07:36.824729+00:00,2025-01-24 09:07:36.824729+00:00,2025-01-24 08:27:15.704606+00:00,23.3715,total_energy_pkg,unit_test_energy,SleepingTest
_result,6,2025-01-21 09:07:36.824729+00:00,2025-01-24 09:07:36.824729+00:00,2025-01-24 08:27:49.920240+00:00,7.7434,total_energy_pkg,unit_test_energy,SleepingTest
_result,6,2025-01-21 09:07:36.824729+00:00,2025-01-24 09:07:36.824729+00:00,2025-01-24 08:28:24.813300+00:00,7.063,total_energy_pkg,unit_test_energy,SleepingTest
_result,6,2025-01-21 09:07:36.824729+00:00,2025-01-24 09:07:36.824729+00:00,2025-01-24 08:28:58.930644+00:00,9.9244,total_energy_pkg,unit_test_energy,SleepingTest
_result,6,2025-01-21 09:07:36.824729+00:00,2025-01-24 09:07:36.824729+00:00,2025-01-24 08:29:34.184991+00:00,5.8135,total_energy_pkg,unit_test_energy,SleepingTest
_result,6,2025-01-21 09:07:36.824729+00:00,2025-01-24 09:07:36.824729+00:00,2025-01-24 08:30:08.825717+00:00,7.5944,total_energy_pkg,unit_test_energy,SleepingTest
_result,6,2025-01-21 09:07:36.824729+00:00,2025-01-24 09:07:36.824729+00:00,2025-01-24 08:30:43.676097+00:00,10.0604,total_energy_pkg,unit_test_energy,SleepingTest
_result,6,2025-01-21 09:07:36.824729+00:00,2025-01-24 09:07:36.824729+00:00,2025-01-24 08:31:17.736754+00:00,7.5126,total_energy_pkg,unit_test_energy,SleepingTest
_result,6,2025-01-21 09:07:36.824729+00:00,2025-01-24 09:07:36.824729+00:00,2025-01-24 08:31:52.068317+00:00,7.8626,total_energy_pkg,unit_test_energy,SleepingTest
_result,6,2025-01-21 09:07:36.824729+00:00,2025-01-24 09:07:36.824729+00:00,2025-01-24 08:32:26.599463+00:00,10.0072,total_energy_pkg,unit_test_energy,SleepingTest
_result,6,2025-01-21 09:07:36.824729+00:00,2025-01-24 09:07:36.824729+00:00,2025-01-24 08:33:00.724567+00:00,8.0299,total_energy_pkg,unit_test_energy,SleepingTest
_result,6,2025-01-21 09:07:36.824729+00:00,2025-01-24 09:07:36.824729+00:00,2025-01-24 08:33:35.569957+00:00,7.7726,total_energy_pkg,unit_test_energy,SleepingTest
_result,6,2025-01-21 09:07:36.824729+00:00,2025-01-24 09:07:36.824729+00:00,2025-01-24 08:34:09.909755+00:00,10.407,total_energy_pkg,unit_test_energy,SleepingTest
_result,6,2025-01-21 09:07:36.824729+00:00,2025-01-24 09:07:36.824729+00:00,2025-01-24 08:34:44.395019+00:00,7.8192,total_energy_pkg,unit_test_energy,SleepingTest
_result,6,2025-01-21 09:07:36.824729+00:00,2025-01-24 09:07:36.824729+00:00,2025-01-24 08:35:18.762089+00:00,6.9723,total_energy_pkg,unit_test_energy,SleepingTest
_result,7,2025-01-21 09:07:36.824729+00:00,2025-01-24 09:07:36.824729+00:00,2025-01-22 17:07:09+00:00,0.1936,avg_energy_dram,unit_test_energy,idle_consumption
_result,7,2025-01-21 09:07:36.824729+00:00,2025-01-24 09:07:36.824729+00:00,2025-01-22 17:07:29+00:00,0.1926,avg_energy_dram,unit_test_energy,idle_consumption
_result,7,2025-01-21 09:07:36.824729+00:00,2025-01-24 09:07:36.824729+00:00,2025-01-22 17:07:49+00:00,0.1928,avg_energy_dram,unit_test_energy,idle_consumption
_result,7,2025-01-21 09:07:36.824729+00:00,2025-01-24 09:07:36.824729+00:00,2025-01-22 17:08:09+00:00,0.1926,avg_energy_dram,unit_test_energy,idle_consumption
_result,7,2025-01-21 09:07:36.824729+00:00,2025-01-24 09:07:36.824729+00:00,2025-01-22 17:08:29+00:00,0.1929,avg_energy_dram,unit_test_energy,idle_consumption
_result,7,2025-01-21 09:07:36.824729+00:00,2025-01-24 09:07:36.824729+00:00,2025-01-22 17:08:49+00:00,0.1927,avg_energy_dram,unit_test_energy,idle_consumption
_result,7,2025-01-21 09:07:36.824729+00:00,2025-01-24 09:07:36.824729+00:00,2025-01-22 17:09:09+00:00,0.1929,avg_energy_dram,unit_test_energy,idle_consumption
_result,7,2025-01-21 09:07:36.824729+00:00,2025-01-24 09:07:36.824729+00:00,2025-01-22 17:09:29+00:00,0.1925,avg_energy_dram,unit_test_energy,idle_consumption
_result,7,2025-01-21 09:07:36.824729+00:00,2025-01-24 09:07:36.824729+00:00,2025-01-22 17:09:49+00:00,0.1925,avg_energy_dram,unit_test_energy,idle_consumption
_result,7,2025-01-21 09:07:36.824729+00:00,2025-01-24 09:07:36.824729+00:00,2025-01-22 17:10:09+00:00,0.2413,avg_energy_dram,unit_test_energy,idle_consumption
_result,7,2025-01-21 09:07:36.824729+00:00,2025-01-24 09:07:36.824729+00:00,2025-01-22 17:10:29+00:00,0.1925,avg_energy_dram,unit_test_energy,idle_consumption
_result,7,2025-01-21 09:07:36.824729+00:00,2025-01-24 09:07:36.824729+00:00,2025-01-22 17:10:49+00:00,0.1934,avg_energy_dram,unit_test_energy,idle_consumption
_result,7,2025-01-21 09:07:36.824729+00:00,2025-01-24 09:07:36.824729+00:00,2025-01-22 17:11:09+00:00,0.1927,avg_energy_dram,unit_test_energy,idle_consumption
_result,7,2025-01-21 09:07:36.824729+00:00,2025-01-24 09:07:36.824729+00:00,2025-01-22 17:11:29+00:00,0.194,avg_energy_dram,unit_test_energy,idle_consumption
_result,7,2025-01-21 09:07:36.824729+00:00,2025-01-24 09:07:36.824729+00:00,2025-01-22 17:11:49+00:00,0.1926,avg_energy_dram,unit_test_energy,idle_consumption
_result,8,2025-01-21 09:07:36.824729+00:00,2025-01-24 09:07:36.824729+00:00,2025-01-22 17:07:09+00:00,0.4332,avg_energy_pkg,unit_test_energy,idle_consumption
_result,8,2025-01-21 09:07:36.824729+00:00,2025-01-24 09:07:36.824729+00:00,2025-01-22 17:07:29+00:00,0.3827,avg_energy_pkg,unit_test_energy,idle_consumption
_result,8,2025-01-21 09:07:36.824729+00:00,2025-01-24 09:07:36.824729+00:00,2025-01-22 17:07:49+00:00,0.3701,avg_energy_pkg,unit_test_energy,idle_consumption
_result,8,2025-01-21 09:07:36.824729+00:00,2025-01-24 09:07:36.824729+00:00,2025-01-22 17:08:09+00:00,0.3687,avg_energy_pkg,unit_test_energy,idle_consumption
_result,8,2025-01-21 09:07:36.824729+00:00,2025-01-24 09:07:36.824729+00:00,2025-01-22 17:08:29+00:00,0.3684,avg_energy_pkg,unit_test_energy,idle_consumption
_result,8,2025-01-21 09:07:36.824729+00:00,2025-01-24 09:07:36.824729+00:00,2025-01-22 17:08:49+00:00,0.3896,avg_energy_pkg,unit_test_energy,idle_consumption
_result,8,2025-01-21 09:07:36.824729+00:00,2025-01-24 09:07:36.824729+00:00,2025-01-22 17:09:09+00:00,0.3809,avg_energy_pkg,unit_test_energy,idle_consumption
_result,8,2025-01-21 09:07:36.824729+00:00,2025-01-24 09:07:36.824729+00:00,2025-01-22 17:09:29+00:00,0.3866,avg_energy_pkg,unit_test_energy,idle_consumption
_result,8,2025-01-21 09:07:36.824729+00:00,2025-01-24 09:07:36.824729+00:00,2025-01-22 17:09:49+00:00,0.376,avg_energy_pkg,unit_test_energy,idle_consumption
_result,8,2025-01-21 09:07:36.824729+00:00,2025-01-24 09:07:36.824729+00:00,2025-01-22 17:10:09+00:00,0.5655,avg_energy_pkg,unit_test_energy,idle_consumption
_result,8,2025-01-21 09:07:36.824729+00:00,2025-01-24 09:07:36.824729+00:00,2025-01-22 17:10:29+00:00,0.34,avg_energy_pkg,unit_test_energy,idle_consumption
_result,8,2025-01-21 09:07:36.824729+00:00,2025-01-24 09:07:36.824729+00:00,2025-01-22 17:10:49+00:00,0.3962,avg_energy_pkg,unit_test_energy,idle_consumption
_result,8,2025-01-21 09:07:36.824729+00:00,2025-01-24 09:07:36.824729+00:00,2025-01-22 17:11:09+00:00,0.3828,avg_energy_pkg,unit_test_energy,idle_consumption
_result,8,2025-01-21 09:07:36.824729+00:00,2025-01-24 09:07:36.824729+00:00,2025-01-22 17:11:29+00:00,0.436,avg_energy_pkg,unit_test_energy,idle_consumption
_result,8,2025-01-21 09:07:36.824729+00:00,2025-01-24 09:07:36.824729+00:00,2025-01-22 17:11:49+00:00,0.36,avg_energy_pkg,unit_test_energy,idle_consumption
_result,9,2025-01-21 09:07:36.824729+00:00,2025-01-24 09:07:36.824729+00:00,2025-01-22 17:07:09+00:00,10.001,duration,unit_test_energy,idle_consumption
_result,9,2025-01-21 09:07:36.824729+00:00,2025-01-24 09:07:36.824729+00:00,2025-01-22 17:07:29+00:00,10.0012,duration,unit_test_energy,idle_consumption
_result,9,2025-01-21 09:07:36.824729+00:00,2025-01-24 09:07:36.824729+00:00,2025-01-22 17:07:49+00:00,10.0008,duration,unit_test_energy,idle_consumption
_result,9,2025-01-21 09:07:36.824729+00:00,2025-01-24 09:07:36.824729+00:00,2025-01-22 17:08:09+00:00,10.0005,duration,unit_test_energy,idle_consumption
_result,9,2025-01-21 09:07:36.824729+00:00,2025-01-24 09:07:36.824729+00:00,2025-01-22 17:08:29+00:00,10.0012,duration,unit_test_energy,idle_consumption
_result,9,2025-01-21 09:07:36.824729+00:00,2025-01-24 09:07:36.824729+00:00,2025-01-22 17:08:49+00:00,10.0008,duration,unit_test_energy,idle_consumption
_result,9,2025-01-21 09:07:36.824729+00:00,2025-01-24 09:07:36.824729+00:00,2025-01-22 17:09:09+00:00,10.001,duration,unit_test_energy,idle_consumption
_result,9,2025-01-21 09:07:36.824729+00:00,2025-01-24 09:07:36.824729+00:00,2025-01-22 17:09:29+00:00,10.0013,duration,unit_test_energy,idle_consumption
_result,9,2025-01-21 09:07:36.824729+00:00,2025-01-24 09:07:36.824729+00:00,2025-01-22 17:09:49+00:00,10.0013,duration,unit_test_energy,idle_consumption
_result,9,2025-01-21 09:07:36.824729+00:00,2025-01-24 09:07:36.824729+00:00,2025-01-22 17:10:09+00:00,10.0006,duration,unit_test_energy,idle_consumption
_result,9,2025-01-21 09:07:36.824729+00:00,2025-01-24 09:07:36.824729+00:00,2025-01-22 17:10:29+00:00,10.0009,duration,unit_test_energy,idle_consumption
_result,9,2025-01-21 09:07:36.824729+00:00,2025-01-24 09:07:36.824729+00:00,2025-01-22 17:10:49+00:00,10.0009,duration,unit_test_energy,idle_consumption
_result,9,2025-01-21 09:07:36.824729+00:00,2025-01-24 09:07:36.824729+00:00,2025-01-22 17:11:09+00:00,10.0013,duration,unit_test_energy,idle_consumption
_result,9,2025-01-21 09:07:36.824729+00:00,2025-01-24 09:07:36.824729+00:00,2025-01-22 17:11:29+00:00,10.0007,duration,unit_test_energy,idle_consumption
_result,9,2025-01-21 09:07:36.824729+00:00,2025-01-24 09:07:36.824729+00:00,2025-01-22 17:11:49+00:00,10.0006,duration,unit_test_energy,idle_consumption
_result,10,2025-01-21 09:07:36.824729+00:00,2025-01-24 09:07:36.824729+00:00,2025-01-22 17:07:09+00:00,0.0,median_energy_dram,unit_test_energy,idle_consumption
_result,10,2025-01-21 09:07:36.824729+00:00,2025-01-24 09:07:36.824729+00:00,2025-01-22 17:07:29+00:00,0.0,median_energy_dram,unit_test_energy,idle_consumption
_result,10,2025-01-21 09:07:36.824729+00:00,2025-01-24 09:07:36.824729+00:00,2025-01-22 17:07:49+00:00,0.0,median_energy_dram,unit_test_energy,idle_consumption
_result,10,2025-01-21 09:07:36.824729+00:00,2025-01-24 09:07:36.824729+00:00,2025-01-22 17:08:09+00:00,0.0,median_energy_dram,unit_test_energy,idle_consumption
_result,10,2025-01-21 09:07:36.824729+00:00,2025-01-24 09:07:36.824729+00:00,2025-01-22 17:08:29+00:00,0.0,median_energy_dram,unit_test_energy,idle_consumption
_result,10,2025-01-21 09:07:36.824729+00:00,2025-01-24 09:07:36.824729+00:00,2025-01-22 17:08:49+00:00,0.0,median_energy_dram,unit_test_energy,idle_consumption
_result,10,2025-01-21 09:07:36.824729+00:00,2025-01-24 09:07:36.824729+00:00,2025-01-22 17:09:09+00:00,0.0,median_energy_dram,unit_test_energy,idle_consumption
_result,10,2025-01-21 09:07:36.824729+00:00,2025-01-24 09:07:36.824729+00:00,2025-01-22 17:09:29+00:00,0.0,median_energy_dram,unit_test_energy,idle_consumption
_result,10,2025-01-21 09:07:36.824729+00:00,2025-01-24 09:07:36.824729+00:00,2025-01-22 17:09:49+00:00,0.0,median_energy_dram,unit_test_energy,idle_consumption
_result,10,2025-01-21 09:07:36.824729+00:00,2025-01-24 09:07:36.824729+00:00,2025-01-22 17:10:09+00:00,0.0,median_energy_dram,unit_test_energy,idle_consumption
_result,10,2025-01-21 09:07:36.824729+00:00,2025-01-24 09:07:36.824729+00:00,2025-01-22 17:10:29+00:00,0.0,median_energy_dram,unit_test_energy,idle_consumption
_result,10,2025-01-21 09:07:36.824729+00:00,2025-01-24 09:07:36.824729+00:00,2025-01-22 17:10:49+00:00,0.0,median_energy_dram,unit_test_energy,idle_consumption
_result,10,2025-01-21 09:07:36.824729+00:00,2025-01-24 09:07:36.824729+00:00,2025-01-22 17:11:09+00:00,0.0,median_energy_dram,unit_test_energy,idle_consumption
_result,10,2025-01-21 09:07:36.824729+00:00,2025-01-24 09:07:36.824729+00:00,2025-01-22 17:11:29+00:00,0.0,median_energy_dram,unit_test_energy,idle_consumption
_result,10,2025-01-21 09:07:36.824729+00:00,2025-01-24 09:07:36.824729+00:00,2025-01-22 17:11:49+00:00,0.0,median_energy_dram,unit_test_energy,idle_consumption
_result,11,2025-01-21 09:07:36.824729+00:00,2025-01-24 09:07:36.824729+00:00,2025-01-22 17:07:09+00:00,0.0,median_energy_pkg,unit_test_energy,idle_consumption
_result,11,2025-01-21 09:07:36.824729+00:00,2025-01-24 09:07:36.824729+00:00,2025-01-22 17:07:29+00:00,0.0,median_energy_pkg,unit_test_energy,idle_consumption
_result,11,2025-01-21 09:07:36.824729+00:00,2025-01-24 09:07:36.824729+00:00,2025-01-22 17:07:49+00:00,0.0,median_energy_pkg,unit_test_energy,idle_consumption
_result,11,2025-01-21 09:07:36.824729+00:00,2025-01-24 09:07:36.824729+00:00,2025-01-22 17:08:09+00:00,0.0,median_energy_pkg,unit_test_energy,idle_consumption
_result,11,2025-01-21 09:07:36.824729+00:00,2025-01-24 09:07:36.824729+00:00,2025-01-22 17:08:29+00:00,0.0,median_energy_pkg,unit_test_energy,idle_consumption
_result,11,2025-01-21 09:07:36.824729+00:00,2025-01-24 09:07:36.824729+00:00,2025-01-22 17:08:49+00:00,0.0,median_energy_pkg,unit_test_energy,idle_consumption
_result,11,2025-01-21 09:07:36.824729+00:00,2025-01-24 09:07:36.824729+00:00,2025-01-22 17:09:09+00:00,0.0,median_energy_pkg,unit_test_energy,idle_consumption
_result,11,2025-01-21 09:07:36.824729+00:00,2025-01-24 09:07:36.824729+00:00,2025-01-22 17:09:29+00:00,0.0,median_energy_pkg,unit_test_energy,idle_consumption
_result,11,2025-01-21 09:07:36.824729+00:00,2025-01-24 09:07:36.824729+00:00,2025-01-22 17:09:49+00:00,0.0,median_energy_pkg,unit_test_energy,idle_consumption
_result,11,2025-01-21 09:07:36.824729+00:00,2025-01-24 09:07:36.824729+00:00,2025-01-22 17:10:09+00:00,0.0,median_energy_pkg,unit_test_energy,idle_consumption
_result,11,2025-01-21 09:07:36.824729+00:00,2025-01-24 09:07:36.824729+00:00,2025-01-22 17:10:29+00:00,0.0,median_energy_pkg,unit_test_energy,idle_consumption
_result,11,2025-01-21 09:07:36.824729+00:00,2025-01-24 09:07:36.824729+00:00,2025-01-22 17:10:49+00:00,0.0,median_energy_pkg,unit_test_energy,idle_consumption
_result,11,2025-01-21 09:07:36.824729+00:00,2025-01-24 09:07:36.824729+00:00,2025-01-22 17:11:09+00:00,0.0,median_energy_pkg,unit_test_energy,idle_consumption
_result,11,2025-01-21 09:07:36.824729+00:00,2025-01-24 09:07:36.824729+00:00,2025-01-22 17:11:29+00:00,0.0,median_energy_pkg,unit_test_energy,idle_consumption
_result,11,2025-01-21 09:07:36.824729+00:00,2025-01-24 09:07:36.824729+00:00,2025-01-22 17:11:49+00:00,0.0,median_energy_pkg,unit_test_energy,idle_consumption
_result,12,2025-01-21 09:07:36.824729+00:00,2025-01-24 09:07:36.824729+00:00,2025-01-22 17:07:09+00:00,1.9361,total_energy_dram,unit_test_energy,idle_consumption
_result,12,2025-01-21 09:07:36.824729+00:00,2025-01-24 09:07:36.824729+00:00,2025-01-22 17:07:29+00:00,1.9264,total_energy_dram,unit_test_energy,idle_consumption
_result,12,2025-01-21 09:07:36.824729+00:00,2025-01-24 09:07:36.824729+00:00,2025-01-22 17:07:49+00:00,1.9285,total_energy_dram,unit_test_energy,idle_consumption
_result,12,2025-01-21 09:07:36.824729+00:00,2025-01-24 09:07:36.824729+00:00,2025-01-22 17:08:09+00:00,1.9263,total_energy_dram,unit_test_energy,idle_consumption
_result,12,2025-01-21 09:07:36.824729+00:00,2025-01-24 09:07:36.824729+00:00,2025-01-22 17:08:29+00:00,1.929,total_energy_dram,unit_test_energy,idle_consumption
_result,12,2025-01-21 09:07:36.824729+00:00,2025-01-24 09:07:36.824729+00:00,2025-01-22 17:08:49+00:00,1.9275,total_energy_dram,unit_test_energy,idle_consumption
_result,12,2025-01-21 09:07:36.824729+00:00,2025-01-24 09:07:36.824729+00:00,2025-01-22 17:09:09+00:00,1.9288,total_energy_dram,unit_test_energy,idle_consumption
_result,12,2025-01-21 09:07:36.824729+00:00,2025-01-24 09:07:36.824729+00:00,2025-01-22 17:09:29+00:00,1.9255,total_energy_dram,unit_test_energy,idle_consumption
_result,12,2025-01-21 09:07:36.824729+00:00,2025-01-24 09:07:36.824729+00:00,2025-01-22 17:09:49+00:00,1.9252,total_energy_dram,unit_test_energy,idle_consumption
_result,12,2025-01-21 09:07:36.824729+00:00,2025-01-24 09:07:36.824729+00:00,2025-01-22 17:10:09+00:00,2.413,total_energy_dram,unit_test_energy,idle_consumption
_result,12,2025-01-21 09:07:36.824729+00:00,2025-01-24 09:07:36.824729+00:00,2025-01-22 17:10:29+00:00,1.9252,total_energy_dram,unit_test_energy,idle_consumption
_result,12,2025-01-21 09:07:36.824729+00:00,2025-01-24 09:07:36.824729+00:00,2025-01-22 17:10:49+00:00,1.934,total_energy_dram,unit_test_energy,idle_consumption
_result,12,2025-01-21 09:07:36.824729+00:00,2025-01-24 09:07:36.824729+00:00,2025-01-22 17:11:09+00:00,1.9276,total_energy_dram,unit_test_energy,idle_consumption
_result,12,2025-01-21 09:07:36.824729+00:00,2025-01-24 09:07:36.824729+00:00,2025-01-22 17:11:29+00:00,1.9399,total_energy_dram,unit_test_energy,idle_consumption
_result,12,2025-01-21 09:07:36.824729+00:00,2025-01-24 09:07:36.824729+00:00,2025-01-22 17:11:49+00:00,1.9262,total_energy_dram,unit_test_energy,idle_consumption
_result,13,2025-01-21 09:07:36.824729+00:00,2025-01-24 09:07:36.824729+00:00,2025-01-22 17:07:09+00:00,4.3321,total_energy_pkg,unit_test_energy,idle_consumption
_result,13,2025-01-21 09:07:36.824729+00:00,2025-01-24 09:07:36.824729+00:00,2025-01-22 17:07:29+00:00,3.8275,total_energy_pkg,unit_test_energy,idle_consumption
_result,13,2025-01-21 09:07:36.824729+00:00,2025-01-24 09:07:36.824729+00:00,2025-01-22 17:07:49+00:00,3.7009,total_energy_pkg,unit_test_energy,idle_consumption
_result,13,2025-01-21 09:07:36.824729+00:00,2025-01-24 09:07:36.824729+00:00,2025-01-22 17:08:09+00:00,3.6876,total_energy_pkg,unit_test_energy,idle_consumption
_result,13,2025-01-21 09:07:36.824729+00:00,2025-01-24 09:07:36.824729+00:00,2025-01-22 17:08:29+00:00,3.6849,total_energy_pkg,unit_test_energy,idle_consumption
_result,13,2025-01-21 09:07:36.824729+00:00,2025-01-24 09:07:36.824729+00:00,2025-01-22 17:08:49+00:00,3.8959,total_energy_pkg,unit_test_energy,idle_consumption
_result,13,2025-01-21 09:07:36.824729+00:00,2025-01-24 09:07:36.824729+00:00,2025-01-22 17:09:09+00:00,3.8089,total_energy_pkg,unit_test_energy,idle_consumption
_result,13,2025-01-21 09:07:36.824729+00:00,2025-01-24 09:07:36.824729+00:00,2025-01-22 17:09:29+00:00,3.8669,total_energy_pkg,unit_test_energy,idle_consumption
_result,13,2025-01-21 09:07:36.824729+00:00,2025-01-24 09:07:36.824729+00:00,2025-01-22 17:09:49+00:00,3.7605,total_energy_pkg,unit_test_energy,idle_consumption
_result,13,2025-01-21 09:07:36.824729+00:00,2025-01-24 09:07:36.824729+00:00,2025-01-22 17:10:09+00:00,5.6558,total_energy_pkg,unit_test_energy,idle_consumption
_result,13,2025-01-21 09:07:36.824729+00:00,2025-01-24 09:07:36.824729+00:00,2025-01-22 17:10:29+00:00,3.3999,total_energy_pkg,unit_test_energy,idle_consumption
_result,13,2025-01-21 09:07:36.824729+00:00,2025-01-24 09:07:36.824729+00:00,2025-01-22 17:10:49+00:00,3.9626,total_energy_pkg,unit_test_energy,idle_consumption
_result,13,2025-01-21 09:07:36.824729+00:00,2025-01-24 09:07:36.824729+00:00,2025-01-22 17:11:09+00:00,3.8281,total_energy_pkg,unit_test_energy,idle_consumption
_result,13,2025-01-21 09:07:36.824729+00:00,2025-01-24 09:07:36.824729+00:00,2025-01-22 17:11:29+00:00,4.3602,total_energy_pkg,unit_test_energy,idle_consumption
_result,13,2025-01-21 09:07:36.824729+00:00,2025-01-24 09:07:36.824729+00:00,2025-01-22 17:11:49+00:00,3.6006,total_energy_pkg,unit_test_energy,idle_consumption
